,Category,Type,Percentage,Toxicity,Total,Toxicity_Rate,Lower_Percentage,Upper_Percentage,Lower_Toxicity_Percentage,Upper_Toxicity_Percentage
0,Sports,racist,2.5486152032999407,6788,116722,5.815527492674902,2.5428767284832703,2.554353678116611,5.813472410908689,5.817582574441115
1,Sports,sexist,1.2374779021803182,6788,116722,5.815527492674902,1.2334524455674716,1.2415033587931648,5.813472410908689,5.817582574441115
2,Sports,homophobic,0.14731879787860933,6788,116722,5.815527492674902,0.14592223888320316,0.1487153568740155,5.813472410908689,5.817582574441115
3,News,racist,9.880842861523632,45654,253485,18.010533167643057,9.876653118423707,9.885032604623557,18.00824342096258,18.012822914323536
4,News,sexist,2.4860910325491736,45654,253485,18.010533167643057,2.483904914378672,2.4882771507196755,18.00824342096258,18.012822914323536
5,News,homophobic,0.5848337495071626,45654,253485,18.010533167643057,0.5837631565736636,0.5859043424406616,18.00824342096258,18.012822914323536
6,Entertainment,racist,2.1371079655842355,3603,72756,4.952168893287152,2.129880078186897,2.144335852981574,4.9497559024260305,4.954581884148274
7,Entertainment,sexist,19.150707743547045,3603,72756,4.952168893287152,19.13104157987715,19.17037390721694,4.9497559024260305,4.954581884148274
8,Entertainment,homophobic,1.8595614765473216,3603,72756,4.952168893287152,1.8528096948642516,1.8663132582303916,4.9497559024260305,4.954581884148274
