Category,Type,Percentage,Toxicity,Total
Sports,racist,6.623586429725363,1238,28120
Sports,sexist,1.8578352180936994,1238,28120
Sports,homophobic,0.0,1238,28120
News,racist,9.880842861523634,45654,253485
News,sexist,2.486091032549174,45654,253485
News,homophobic,0.5848337495071626,45654,253485
Entertainment,racist,2.1371079655842355,3603,72756
Entertainment,sexist,19.150707743547045,3603,72756
Entertainment,homophobic,1.8595614765473216,3603,72756
