Category,Type,Percentage,Toxicity,Total
Sports,racist,2.9941395844432606,9385,190986
Sports,sexist,1.2040490143846565,9385,190986
Sports,homophobic,0.21310602024507191,9385,190986
News,racist,7.1097033180706255,31886,193769
News,sexist,4.96456124945117,31886,193769
News,homophobic,0.7620899454305965,31886,193769
Entertainment,racist,2.8680259914855477,8926,189452
Entertainment,sexist,11.360071700649787,8926,189452
Entertainment,homophobic,1.3107775039211293,8926,189452
